3.390916846,-8.331312255,-8.291112801,10.44544094,4.374215717,-3.124821631,1.922171931,-3.837934176,-7.494256006,-27.44823162,0.030577039,7.509757769,32.99349906,-7.896924557,-1.437725933,-5.733359775,-0.191498549,-1.523220725,1.479431096,-1.558887529,5.942701722,-0.899816128,-11.76134072,3.103268385,13.58399229,-20.80028835,2.059887717,-1.057855739,-2.874434992,7.982795571,-4.210958115,-5.893849719,16.25641007,-23.01052091,-2.767433316,11.05439109,4.0365863,-14.16054585,-9.462160295,-13.59555361,-5.771961854,5.243469807,15.85627124,-2.104285588,-4.247687025,2.627753238,-3.432770976,-16.61692303,-2.723216632,5.375202705,-3.092634123,11.05584649,0.034612803,-9.004936299,-2.408831723,15.14242865,-5.786018346,3.08951262,10.6513719,-38.15782907,6.157289798,1.880804219,11.36820295,-7.574165677,1.721988796,-11.38722645,-2.315242041,26.26348019,-3.603774215,-8.406947441,3.75702803,-0.504269219,1.278779213,-9.693511403,7.408601333,5.66905404,1.996573094,8.465929512,18.16423574,-0.929055836,4.275128024,7.088692806,-1.857824048,6.798236248,-3.754183087,9.109028308,1.141178359,-1.132365326,-1.712551575,9.216277821
4.716984575,-9.535499524,-7.970373405,9.553304636,7.540485381,2.842884123,-2.234511665,-4.542636011,-9.206813766,-23.96258739,6.299651893,10.16465745,30.8671523,-2.542341126,8.914340923,-2.607483771,1.90573609,-0.158255018,-3.201240878,-1.111179628,2.361443454,-4.912247536,-13.54029649,3.930550574,14.28531734,-15.36976667,11.82842776,-0.758742404,2.219131919,-2.295505568,-4.210958115,-3.3736321,13.68686725,-27.3060969,-0.87220368,11.66873587,4.8523728,-14.19371143,-6.581591789,-13.44645261,-4.571274507,8.076726581,18.04497005,-3.825496093,-3.922323197,6.223581854,-5.340914391,-14.93348848,-2.548132598,5.33951122,-4.305494085,14.19178298,-1.450742793,-7.03392601,2.920070005,17.03495997,-5.015450385,4.522596788,14.17713841,-38.15782907,6.52489056,4.984507897,7.631552797,-8.761332103,-0.479594053,-8.175681015,-1.123997541,26.20626748,-0.433642848,-8.005099197,10.32448491,-0.261651922,3.627196703,-5.783781634,5.662940225,6.314298581,0.85665689,6.081452567,18.91677858,2.443559223,4.563951395,6.260161452,-0.00871131,6.635023557,-2.213810405,12.99663713,1.675379669,-3.448011152,3.520987095,12.92425889
6.573535616,-4.207431539,3.009397824,8.023254788,8.142296844,8.639680053,2.21225617,-3.229273749,-6.980176799,-27.27861831,6.115012791,21.51203501,35.15049519,-3.803051023,12.48905942,-1.524771099,4.769972373,7.160994517,-3.32887987,2.950948323,7.234361586,-3.954800178,-12.82641884,8.490787752,14.12532468,-6.21984993,24.65781727,-3.775534187,1.922814669,-5.797615173,-4.363847911,-1.60344491,16.64806013,-13.15284164,0.676662304,7.63035821,7.408453269,-10.36660359,-6.828538457,-1.745513821,-6.208803349,5.962431019,13.87757382,0.022342254,-0.719721981,7.733958125,-1.950073761,-7.301965567,-2.015621366,7.364851924,-3.187706775,11.06651995,2.006756005,-7.132225465,0.419646079,13.79709165,-4.897916773,7.052485728,21.77679874,-43.69627676,6.37556995,4.359004276,8.395415662,-5.216368802,-0.807197999,-1.604087612,3.198106551,19.17005676,0.75283222,2.573204103,13.85507941,5.459089125,5.36047395,-5.203413539,5.673975996,4.492934442,3.244763783,4.860912299,19.52911932,1.107636857,6.639828819,12.32699242,1.767917078,9.967993758,3.798826094,14.05387507,2.005925898,-2.129778143,12.08294321,12.05098883
7.520990956,-2.193336127,7.391124754,3.325783742,7.532204503,11.7228126,-0.457451673,-2.015574985,0.426712423,-30.32591042,7.816063461,23.91577644,26.83529365,3.327813636,16.71646613,-3.075625336,10.17358906,8.844339388,-1.08659813,3.144106273,7.647647407,-2.28167295,-5.719893142,9.608496756,14.73519025,-16.18595042,24.4204874,-5.713641813,0.960983307,4.487323003,-11.04985298,1.337508448,17.87257526,-9.109992362,-0.707120955,3.862887378,2.186566613,-9.6472656,-12.667401,5.317240674,-5.775117382,6.576440394,12.24993954,4.301786114,-2.626104616,8.601911473,1.475502849,-2.411278872,2.906014789,9.969523369,-4.145167466,12.52517886,1.431746569,-3.832277211,-0.402995667,13.4690385,-2.109728932,6.288831551,16.59409439,-67.7357458,9.411068805,4.216678251,7.067405459,-1.938592129,-1.359321774,-0.59022933,4.780488459,19.24998559,1.230112731,-2.709111247,10.1451274,5.084414068,7.228120878,-2.467769625,7.665860346,3.345272599,3.183508822,5.934170122,18.02663582,1.818475364,7.571499492,14.17046454,2.140578501,9.334133853,4.576689002,13.63461242,0.945858635,-2.211743674,12.22062112,10.49357683
5.06191984,-3.339860261,6.830541522,4.065664008,4.011565829,10.6060458,5.663439198,-1.153511114,2.979814454,-20.18078413,3.074592977,18.41569196,25.10497148,6.266677892,16.78004613,2.764210816,14.90783681,23.36298676,-0.110279975,4.09105595,1.521180121,3.827624384,2.980876027,18.0210782,12.02149056,-40.53374418,34.24021439,-7.786816542,4.380765722,11.27276457,-9.664295374,0.920487723,16.01216794,-9.149368015,4.707159665,3.868331455,7.439736864,-4.619233669,-13.89451874,8.821641666,-3.806704295,5.431396024,15.40203952,5.580887682,-4.113672375,5.685906119,5.661717122,-3.937334092,8.155179719,7.934942007,-1.840182867,8.803352652,-2.095560363,16.1383561,-1.822042864,-0.287125089,2.15367926,12.77046873,17.85808381,-122.8336539,12.86691677,5.896190322,5.458527797,-1.363564516,2.627935322,4.826560651,3.532377786,11.92233392,2.271505265,0.07365803,12.87006622,2.90074494,5.357894636,-0.61962513,8.358755732,0.283349939,7.174315228,4.767118429,14.89501233,2.93792376,6.424379361,9.270518148,3.283277313,9.053554876,3.493056244,13.69544098,1.960745672,-1.541962784,15.15048459,15.87249725
6.767320176,3.301858854,10.80490147,6.607295337,5.469395135,10.29174128,6.603906729,2.15399648,10.2974893,-14.65456873,6.680612213,20.11180195,21.6005324,6.855071799,17.15952695,5.801775361,18.45937919,13.29921613,3.938463788,3.631628811,8.355811023,-3.242681182,2.527649441,19.11509931,9.73308548,-13.37892844,33.46709378,-2.276451057,3.322403334,17.45373571,-9.577673879,8.769532876,15.52990338,-2.012138729,6.159157624,1.594325709,8.75341758,-8.253498038,-11.24052609,16.25584001,0.029937468,5.961366937,12.5344589,10.32702043,-4.513250307,2.373067945,3.730826947,-1.484531791,12.58619497,7.812075373,-0.897578875,14.66269097,-6.340739356,11.8236788,-3.133355465,3.756250667,2.594566961,13.70447076,18.34741057,107.6792276,9.175484967,7.18438095,6.349091894,1.42984228,3.400940691,7.974215145,6.252715762,8.793165896,6.491170512,-2.850969753,12.10084331,3.986077695,5.943610467,3.493867178,7.846288886,-3.861840314,5.461859538,4.646984865,12.61770022,1.22257735,6.477779558,7.882322653,3.023969024,8.098575465,2.054287626,10.55881948,1.98064726,2.068275565,14.92276323,8.318847172
3.344467286,-0.189522104,8.579043121,7.510462346,4.147729938,10.33275259,9.193087959,3.941172529,8.657794799,-10.03895912,8.477859324,18.45212797,21.6005324,6.733774666,10.89164948,1.298639704,15.86648456,5.839224323,-8.370301289,-0.916767854,7.271748004,-0.190424518,6.228006236,22.15875648,8.359575839,-3.357028017,27.5353031,-0.33376265,-0.234166078,22.43938142,-15.98606913,8.696200052,17.87712856,0.510476835,5.730805157,2.916728635,17.25396442,-0.570794205,-9.64483641,18.01599955,3.321422602,4.708664498,12.5344589,7.462905451,-3.365494052,2.650891547,3.183340213,2.25993603,6.672525351,5.073453517,-3.732425545,16.74166514,-6.962682288,20.7556899,-6.228840667,4.434411945,3.737828768,11.76022615,21.59051375,64.15490859,10.96003937,8.373188201,6.135473866,5.447714559,5.67004582,6.357244085,9.522237417,7.54595907,9.60646949,-3.704638397,11.49485178,5.965248705,5.014916431,6.624433259,11.84759529,-4.635106567,4.569456717,3.24264437,13.90809004,1.442519327,8.170457307,12.27019107,0.88229555,8.228457667,5.045886648,12.04371487,3.482260726,2.206479914,13.81703019,8.463803726
4.776739529,0.26615031,4.717738418,7.591710373,2.706488606,8.576621048,8.770080607,5.856935752,6.624885834,-4.067919683,7.364548342,11.17999651,23.16686163,2.830879752,6.290489812,10.8974058,14.68017693,3.298388961,-9.216692185,-4.367398367,7.557403474,2.510773313,7.382193954,25.00142332,4.765885967,-8.011146812,16.68398317,8.166916888,3.532226063,21.35906724,-9.216424872,8.10776689,17.67314637,0.692829018,8.440061071,2.371158094,14.70663714,4.61200631,-6.207997307,11.85294383,3.038861288,2.611523367,8.243401666,9.050942053,-3.19237215,1.204744901,7.294389782,1.685407517,9.376501799,0.897844174,7.074932874,14.61625974,-9.421214816,19.86956353,-3.541288997,8.697831295,5.232638537,11.19552257,19.91266602,88.86235029,8.641737928,3.9478167,4.132915834,10.34440389,8.490127291,5.574175303,11.56268896,8.508347456,13.14949243,-6.032827908,11.69532364,6.600165648,3.024239345,7.509772218,14.08920009,-3.515338174,4.380377886,-2.080044095,9.52523517,3.524309553,5.564502612,8.978973041,0.316248025,6.088819379,5.131478377,14.83492693,5.941957228,6.90783268,10.84612799,8.156980822
2.166758005,-1.627965514,4.708634457,4.98238071,-0.515776113,7.420045664,8.556559881,6.672213828,4.426923761,-7.348039765,7.02888698,5.456294899,16.56336268,5.045754822,4.014674885,4.31677562,10.20767886,4.477535392,-0.08449875,-4.786886048,8.272309505,5.811789379,11.15115105,13.9404207,3.579222665,-10.44922971,11.57173496,6.256757405,5.95245086,16.46037309,-4.235336771,2.638421507,12.64048061,2.558712045,7.244510724,5.753763264,12.56935323,5.85364958,-4.716872472,8.882436163,7.963527508,4.837130404,9.214098602,5.534086737,-1.432394804,3.297673025,8.029801806,2.608777143,10.45619269,-0.802312108,8.592567097,17.03556679,-11.10767744,16.83300422,-2.879916206,8.701980869,6.129164767,11.48251109,18.14809734,66.36635247,9.753908656,2.00412092,1.829833358,5.978593106,10.07131176,7.302373792,9.459903626,11.20387435,10.52939194,-5.820130837,8.32740039,11.23456879,4.32234234,7.109138249,12.86407145,-3.353190599,4.709036279,8.302872828,9.478568201,7.739903588,3.07015388,7.41717948,-1.899625166,4.998898066,3.95622039,15.37061916,5.508280546,7.230283289,10.0382265,6.930541707
0.911190357,-0.436775127,2.686296617,3.758699962,1.442704591,7.347859306,10.21532837,6.105110588,6.173326796,-3.599419639,8.40522887,-14.78774033,16.43177343,3.565214477,0.584502195,4.162831603,8.401877544,3.32426086,-3.983850511,-2.451808048,6.359114004,-0.028930536,7.338666494,9.218178814,4.548479606,-1.309774038,10.14753013,8.783762507,12.81169786,11.53183336,-6.746393545,5.061139987,6.624190366,4.227499655,4.45358784,7.516281936,13.83948597,3.720604887,-5.569431079,7.65621537,8.701485038,4.774865684,3.189751431,1.285494768,2.307879533,3.811357107,-0.39868544,3.180685706,13.25066414,-1.755549606,9.173100861,15.70564175,-8.610244176,16.01873948,-0.938578243,9.403442718,4.923579421,8.916128865,11.09629666,69.65883662,6.904734636,1.37812202,2.776299201,5.170685858,12.03521448,7.281270275,8.032828536,9.248766869,8.780129252,-3.249746206,6.294414747,12.0087676,5.431102505,4.730151416,11.47419393,-0.88295101,8.01946456,7.415948711,3.454356834,7.158319907,2.386558929,4.235305087,-3.087595521,4.350789778,2.207726292,9.097456599,6.281576775,10.17184054,15.0520517,4.235115526
1.236183498,-0.378774992,1.637220936,2.227248937,4.461065872,6.349627484,6.607183352,6.894463728,4.336248384,-3.082806107,10.29478338,-7.032556891,17.69363113,2.577268763,2.917275109,-3.189663158,5.144316968,3.462977102,-4.369849443,0.413072021,7.251450807,0.300523058,4.819839485,6.586024159,2.382696267,-3.115781897,8.102415619,6.228939461,9.089484726,15.87162953,-13.9199646,5.094983328,6.849466376,6.153779603,0.596395293,4.7833502,12.31821923,4.136947207,-3.800539038,4.309487055,6.351239034,4.197431216,-7.140744555,2.890451712,3.552484045,6.70493461,-6.488070241,0.76747212,8.180258891,-4.078947346,2.111794423,19.76316488,-10.99721871,12.49880366,-0.914682237,5.792625255,2.750136558,7.351159468,4.527079981,57.30855062,3.663329761,0.652187562,5.057773608,4.095282903,9.335276143,7.628436308,7.48302629,10.08296397,4.451927166,-4.574412371,3.264485215,12.33786845,6.383009617,3.757739703,12.58889283,0.475790512,0.542406248,7.946334863,5.0400891,5.323984993,3.613496355,4.953540947,-2.584776597,4.636425569,3.383711846,7.583029125,9.181461151,8.926094451,8.538611702,6.064858632
1.874653113,1.011900893,-1.160516864,-0.150530467,1.619992019,3.228272639,10.58832717,7.728758267,2.820644165,-0.954284108,7.473064312,-2.519937507,21.62677973,3.072292966,-0.248648688,-2.000151604,5.327338162,3.657366663,-2.129260489,1.373142667,1.658713428,2.178974023,2.887181345,8.796756755,2.991638512,-3.170733302,7.944962187,6.036381749,8.381758159,10.30381716,-13.9199646,2.652320659,6.579044802,3.120598595,1.834055537,4.885653628,9.375199821,2.882889704,-4.486886954,3.631718604,3.081622889,0.153299145,-6.129843567,-1.296928717,5.01897547,3.524088332,-2.40580482,-1.034533871,5.877693403,-3.526388989,-1.193799033,11.97983494,-9.845577431,11.51022451,-1.348644473,3.975101735,4.597786563,6.413081262,2.076881966,58.30847284,2.089848544,-0.762888274,4.902037333,4.533771495,9.258652795,7.761321472,6.592981678,10.06308158,3.239327998,-4.372025312,1.298920949,9.243350866,5.399655042,0.922636749,5.406858015,4.375734038,0.955322017,7.878244133,5.260337686,2.458740789,2.947554324,3.178647346,0.579299162,3.957677819,3.595754864,8.364924434,7.964640502,5.99111137,7.292713372,2.521749724
0.755406275,4.507085901,-5.604293423,0.35144325,4.409728891,2.611497211,8.311820121,4.926036826,-1.647707969,-2.613412616,4.881826541,-3.009897589,12.39672524,0.974086833,-1.599226624,-4.08987174,3.453320704,3.635796341,7.598366325,-0.618149316,-0.011648212,1.347637871,-1.438692805,1.970162365,2.841608128,-1.125112803,5.075898571,4.342762551,6.033624526,4.525338423,-17.27214497,3.605134221,-1.12988878,2.628268744,3.264802959,4.155681684,6.042946462,2.100356978,-6.417278742,-2.733610447,-2.565254919,-1.259855004,-7.090055178,-3.06304353,7.279626973,5.573981481,-7.800624444,-7.1944142,6.40682745,1.750139221,-2.154369259,9.439028737,-9.574687861,5.819246193,-3.719633479,2.533650737,-0.605622714,4.006048679,-1.147847615,49.40960704,-0.530394338,-1.688944078,5.480630299,3.61281741,4.357987117,4.057677263,5.059504687,6.859615367,-0.29932414,-6.012201674,1.343693965,3.666355263,0.029799844,0.577588038,-4.274470663,6.234710977,-0.758675509,4.372449257,1.458724664,-1.102651497,3.320977571,-0.593254976,0.189225134,3.582675203,3.196979685,1.357616908,3.51848482,6.241827312,6.315322876,3.814716739
-0.455902619,1.893715521,-6.035176517,-3.24649208,2.517982859,3.76940809,8.358907159,2.33310316,-1.737678831,-9.103161347,3.386957163,-0.810211199,6.230983074,1.576779383,-7.363651636,-6.450108514,3.219871414,-2.442920888,4.820429778,-1.949759275,1.428454116,-0.100751947,-4.718410413,-2.004486485,-1.266232034,5.838563347,3.554021299,-1.244086269,-0.269320182,-1.247613405,-44.07266626,4.531451802,-4.301136098,-2.864008595,1.085991179,1.158975237,8.282133518,0.173000021,-5.785066576,-9.195252681,-1.564238019,-0.470462361,-9.058749744,-3.718753291,4.306859975,4.103068687,-8.943192459,-8.020091293,7.913603833,5.414513033,-2.429332336,8.948144812,-4.953130441,6.455031741,-7.004789431,1.1369355,-2.018891862,5.08348566,-4.643403754,51.22931081,-0.939290998,-1.643933678,4.483977222,1.720322032,2.315552718,2.842358085,-1.977784585,3.559288549,-1.757343926,-0.221110796,2.008726857,1.088207881,0.837598174,-2.169891215,-6.374670086,4.472446695,-2.123713363,0.055261034,1.617686057,-7.493479908,0.957997221,-3.66272097,-0.685554147,1.763257879,-0.536211871,1.149755464,0.522117486,4.797949979,4.277187676,-1.234541483
-3.66012564,-0.035874551,-15.5358295,-2.138289628,-0.306480614,0.810914677,8.728583778,2.350723789,0.348549573,-2.348033625,7.01133258,6.162505802,2.214992949,-7.934608002,-6.520062876,-4.737095477,2.045501101,-10.8889572,9.399007552,-5.775630149,0.549367739,4.238895662,-7.092473366,-1.453050695,0.524358591,6.45640543,-2.094930654,-3.295707955,-4.97898134,-6.325878848,-17.75697445,5.456916335,-2.08934649,-5.592625474,-0.676568442,-1.247752162,4.491191956,-3.204256168,-3.302085602,-8.341244988,-2.530475796,-1.06640447,-6.849411166,-4.990977829,3.986381772,3.765298981,-10.9171361,-7.24129636,3.883909588,1.227801493,-2.161507736,2.384284839,-5.231703832,-2.279471844,-7.182017851,0.538254394,-1.068618378,0.975701109,-7.90642688,51.41197587,-5.179627152,-2.89618884,1.640798937,-0.460246557,-1.031784052,0.416982068,-3.008460928,4.12548926,-1.766635536,-5.145830768,0.015511909,-4.333692516,0.26916605,0.623067209,-9.930356317,-1.015876143,-0.462892254,-2.251056305,-1.165101947,-8.039615805,3.098475396,-3.371467022,1.1898001,1.63402194,-2.892474703,-5.067468004,0.967819415,1.218531252,-2.425214482,-2.143089403
-2.690811744,-4.281628212,-12.65398922,-0.37109672,-1.662061245,3.024808387,8.104818692,0.009475464,-0.982200899,-4.031341331,-1.542337568,5.190760244,3.572835276,-13.63817445,-8.425033326,-5.006681625,0.750771434,-3.260781838,-2.131349509,-7.861255141,0.814583275,4.728669924,-9.20911049,-3.54374117,-1.967998215,-5.239796339,-4.395199776,-5.705591305,-5.27172216,-12.50623083,-2.302998449,5.761477433,-2.870497338,-5.850296252,-0.522593883,-2.951422112,0.711619901,-8.401587057,-0.295092762,-8.898042093,-1.013931696,-4.7388687,-6.160168191,-7.266439426,-0.367766461,-0.166964935,-13.8915355,-9.457537639,1.211271308,-0.312308089,2.147856472,-5.774381579,-5.609456595,-1.551637046,-6.607805678,-10.7482156,-2.719510332,0.71729575,-7.025425009,65.37339625,-4.560623046,-2.502851244,-2.23860959,-2.863471822,-5.962128505,-2.502149311,-5.55187731,2.137178089,-2.83621014,-6.041371654,-1.894196864,-9.367590273,-1.686920394,-0.754859392,-10.14317723,-3.981397337,-0.462024714,-5.640503362,-5.388692966,-12.74848425,3.617661753,-7.338677136,-0.63947945,-0.996431224,-0.658826362,-5.129939554,-0.102147993,-2.278381283,-2.985881154,-9.302760494
-2.840295825,-9.188454719,-13.47710388,-5.360217105,-3.150468541,3.578399198,10.12146321,-2.786584972,-5.947982134,-4.783845423,-0.683538831,2.995014801,-2.58845654,-20.90623354,-11.98473553,-12.04437801,0.539633147,-6.254536526,6.307490614,-8.235541722,-6.088269754,3.894957635,-7.816214048,-10.26815367,-3.063813649,-10.97440217,-5.876885098,-6.733627668,-3.752774067,-12.01735584,7.611727637,1.088711896,-4.724796126,-10.66227081,-7.32532587,-3.914165605,0.842202804,-15.35398403,-0.232312067,-7.572074361,-0.370056277,-4.718148238,-7.099897318,-12.20230034,-1.473821215,-4.995456827,-17.31997242,-8.457412656,-1.039728765,-0.164731078,1.138969228,-7.014747024,-3.824588615,-2.732713882,-10.34002575,-10.29235756,-2.444810304,-3.240251265,-7.132453203,57.08498014,-5.710366701,-2.062475898,-3.800424242,-4.904523531,-7.783335577,-2.311590183,-7.73396736,-0.296876,-2.721775258,-3.586009022,-4.084822594,-10.05384679,-3.646201122,-4.432995985,-7.021122988,3.090555966,-0.237637828,-8.515906684,-6.263784002,-7.087957316,-0.461181947,-9.187997681,-0.431298435,-2.330490071,-2.533928615,-4.899839563,-5.264231746,-3.170234126,-6.262248739,-10.5049411
-6.261402589,-13.18107332,-15.89927521,-8.029463987,-5.470854563,0.067327383,2.752376128,-3.015958575,-4.711483748,-13.6901722,1.438409288,-1.046310817,-6.676500281,-21.36827897,-13.12868277,-11.1778257,-2.878824339,-15.79611437,-0.194653175,-5.520355032,2.908607967,-3.186693105,-4.229951995,-13.62585559,-0.521929002,-9.420423166,-11.78995353,-9.24723285,-4.985715424,-7.783299166,8.225963899,7.549126831,-5.322178492,-14.21916925,-7.950451184,-4.87267384,2.606956686,-20.59384122,-1.104428935,-9.033914518,-0.848203844,-2.914377044,-8.883386522,-10.84902831,-3.901384239,-5.67238106,-14.08625223,-8.188461871,-4.878147445,-0.339248674,3.901205658,-7.480259029,-4.61771712,-8.228963233,-4.87643453,-13.84636511,-7.754297173,-5.436490131,-9.876117718,56.95002347,-5.963948919,-3.903460208,-5.586149802,-6.632501315,-10.50895605,-5.681123717,-17.12949242,5.802971793,-5.588852759,-0.245516279,-13.22208474,-11.89264734,-3.73071773,-9.877669185,-9.35377158,-3.174048864,0.460147546,-7.419536,-6.004250453,-8.105000646,-1.793980352,-17.51694664,1.5021168,-2.068064298,-3.29620024,-7.716318395,-4.088003336,-4.906512119,-5.419912896,-13.50993695
-7.744432692,-14.51663539,-19.32274717,-10.3790166,-8.007082488,-2.686343296,0.241220272,-4.372036803,-4.195861776,-10.51805417,-0.719511696,-4.14944659,-7.046655227,-21.90538945,-12.62222075,-12.10629398,-4.879022239,-16.16961023,-4.577749686,-7.537871299,-2.382756722,-7.167738917,-3.248898616,-13.48379995,2.681563702,-6.167757294,-17.37584061,-11.86750507,-4.143274946,-5.778236651,5.559036706,-8.053097682,-3.08297494,-18.1557212,-12.35964,-6.497143745,2.496326171,-18.4257451,-3.494870997,-7.699456435,-2.876599882,-2.942613757,-7.899076637,-15.78709677,-0.901334323,-6.5811409,-10.08947894,-5.577004812,-5.234088007,-2.9784036,2.488306593,-5.117529042,-5.978865351,-14.76328161,-5.445214559,-18.84795867,-7.796443995,-4.39705543,-9.994948055,56.95002347,-5.969481757,-4.771427417,-6.936211409,-7.036948399,-11.98471899,-7.4511793,-18.46137767,5.636844589,-3.201040738,-0.556766797,-13.92874509,-9.275436707,-3.489664203,-13.79702912,-1.767787837,-1.947637454,-0.26510564,-5.340800612,-7.301099341,-6.763110523,-4.290154924,-16.16662225,2.9919496,-1.583505511,-5.129067379,-9.12050893,-2.638780472,-6.737243843,-7.778044988,-14.08602833
-6.042469127,-18.75082717,-21.87526624,-20.81242831,-7.740079652,0.74685428,3.153321751,-5.636198762,-6.244122919,-10.42654177,0.927241216,-9.381559734,-6.593876861,-26.05081851,-9.623615702,-17.25161923,-6.193809529,-16.33828754,-7.332935147,-6.886004277,-7.56849593,-8.030716431,-1.268713772,-20.2145064,1.34425276,-0.934806302,-20.16635102,-12.06790408,-0.522621881,-2.129151357,9.50059951,-15.08624361,-5.285632207,-15.14426169,-14.27548659,-5.999951748,-6.197396604,-24.58189284,-6.269733963,-9.510667989,-5.890048103,-8.025147103,-8.458004363,-13.52676498,-0.854216651,-5.266715655,-10.85611835,-5.451397316,-9.556295844,-7.790034131,-0.877625875,-5.766277683,-13.04290892,-20.07062729,-5.01793475,-20.54906666,-9.754393527,-7.907866476,-10.24207355,10.44513682,-5.592057669,-4.462385964,-6.279318971,-7.5271701,-10.0928417,-9.353808135,-18.02261306,2.604607995,-1.283171515,1.343094571,-17.11273339,-6.610942645,-8.671416116,-12.14831456,-10.36424163,-6.322476176,-2.482881627,-6.024296696,-6.675846995,-7.479989033,-6.054981944,-12.50423199,6.041970715,-3.16698886,-1.913580561,-6.870685823,-5.74292838,-11.30694018,-12.1300614,-11.18536345
-6.055487972,-22.05028879,-18.98873813,-5.963396665,-4.432721589,-0.494084263,-5.138892083,-6.88092847,-8.58872177,-17.42855482,1.160525152,-13.24144591,-7.794797455,-28.12213421,-8.649416994,-18.99755882,-9.552599456,-13.15584267,-11.67847013,-5.967801012,-7.243118534,-9.139244489,-2.809255757,-22.59794653,2.969930654,-5.865036328,-20.61008323,-12.84629909,-4.167146131,-1.160519798,12.75798644,-15.57855935,-4.666718239,-14.9163606,-13.42197237,-3.701694921,-3.031191558,-23.89687639,-12.32115073,-12.89767507,-6.527497306,-7.744985679,-5.565804325,-15.42802427,-2.563015613,-5.653926861,-5.424760484,-5.601721522,-11.14208367,-7.505917848,1.499321282,-4.500272424,-10.94063585,-21.6512249,-8.01776376,-13.57971297,-8.673999892,-8.713913903,-10.22583733,-10.60398206,-6.56850273,-3.685121539,-8.8221973,-7.36203357,-11.0243838,-11.95339934,-13.14527634,4.028235662,1.624779407,-0.770183141,-18.90961266,-6.506662082,-10.84504298,-14.70209869,-3.922932748,-4.153761338,0.546902654,-4.4368983,-7.455288713,-10.64781783,-6.278293372,-12.07712422,7.72603007,-2.544968679,0.087397887,-4.608686157,-8.203091306,-11.93683934,-6.79078077,-7.129616507
-6.715308771,-20.03119368,-18.30335714,-13.82127023,-2.072498444,-4.473412875,-6.628416017,-7.971303072,-8.978322999,-18.80671184,0.777328815,-8.766368528,-9.233188132,-25.62007,-6.901798306,-22.91114943,-10.59745789,-20.67251324,-17.57052555,-4.719956932,-12.28900919,-10.80032253,-7.266596985,-28.1983226,8.853806185,-10.29787069,-22.96510156,-15.43390273,-5.343543913,7.618596871,2.775905794,-14.60929218,-2.229041077,-14.67883602,-16.39357522,-4.421070024,-5.928456217,-17.01039633,-15.16605579,-15.14128435,-7.066885411,-6.808642733,-4.576185409,-13.5556183,-6.851813783,-2.848388984,-0.087213705,-1.531165957,-11.04922807,-4.005284701,-0.260556344,-2.079454352,-9.10582893,-20.99506533,-5.793917693,-12.98461769,-8.333598699,-7.116339812,-10.37722916,-51.78124914,-0.396216881,-3.24109192,-9.986347567,-8.547646591,-8.269658393,-13.02859269,-12.8356113,-4.821895544,3.49258032,-3.992902788,-17.88339426,-5.474505252,-11.22131619,-16.68408993,-6.302041914,-7.871774801,-1.806432762,-4.896258578,-3.986723296,-9.236732971,-7.74364529,-10.10534314,9.187364044,-2.961246023,1.614504597,-3.531892779,-8.206012979,-13.17776504,-5.337736381,-5.744381957
-4.03335515,-19.3761494,-15.69438739,-16.31963307,-5.476427789,-5.723685524,-13.64946466,-5.559345954,-5.312060235,-19.68819759,-4.194088793,1.42466941,1.667041981,-27.02443223,-4.561154512,-15.86404987,-11.63798928,-10.54539818,-18.04955481,-4.663985895,-6.295319384,-12.37539125,-6.76680504,-27.5446936,9.910565251,-6.966590423,-17.89862802,-16.27852342,-6.626111541,13.22232211,6.905617593,-13.80753088,-4.64764615,-16.74340916,-16.84391485,-7.043317035,-2.789962585,-15.2036788,-14.64940928,-13.91623572,-3.37193246,-8.745389108,-1.194011588,-12.17672497,-1.325239118,-2.220202916,-2.040362762,-0.626380206,-15.95731558,1.142867929,0.079694085,-0.526923876,-10.08794681,-24.90536655,-9.24950473,-7.019109991,-3.949910677,-6.15655074,-9.079589483,-75.88537918,3.182234705,-4.030867497,-8.640226243,-5.400312853,-8.587609692,-13.76815831,-6.486122418,-3.166664613,5.577653298,-3.697763199,-14.98484982,-4.206373104,-5.346098115,-14.23850964,-8.95456251,-14.80062949,-3.319217997,-0.919602294,-2.133871539,-8.844955172,-8.644339258,-11.39485272,12.21536503,-3.504961648,7.815118869,-2.926164153,-3.751492082,-15.47380051,-5.715653718,-2.22571114
-2.541843003,-22.55818019,-10.43334405,-8.654372217,-3.920449206,-5.634839245,-12.96371217,-5.332536503,-3.595580833,-20.05308836,-3.472744505,18.07943235,-2.308149952,-26.61248405,2.145659171,-14.9144722,-8.982271734,-6.306954335,-20.18376792,-6.284212115,-14.53857123,-7.344801315,-8.939607685,-27.5446936,9.328924639,-6.655102236,-13.63035285,-14.81945913,-8.788460845,21.89504917,9.636564052,-12.19223843,-7.40164495,-16.77381964,-15.80925341,-7.194323979,1.656009518,-15.47411572,-14.79685267,-13.76617785,-5.873642255,-9.593281742,-0.028031304,-9.513072355,-0.632235732,2.222801079,-3.640220412,-1.637325609,-18.4800933,9.56742257,-3.263684769,0.932106227,-9.688938514,-21.86067533,-9.773285275,-5.213466469,-4.557048012,-7.82886463,-6.961868364,-55.0039942,4.359090312,-3.739719009,-7.715686607,-6.929989072,-7.4339244,-12.26623898,-5.519500227,-7.06678973,7.792619964,-4.223279892,-9.220358521,-2.59623687,-5.406695436,-13.1193458,-7.314427231,-15.51839175,-5.971637222,-4.026559206,-3.12070479,-6.547211226,-4.641737327,-9.157396013,12.96208949,-5.986887891,13.93025641,2.1457046,-3.393917084,-15.1844028,-0.941746952,-6.133631241
-2.60783819,-17.11317213,-4.948190589,-6.12650493,-1.485370676,-4.852709688,-11.6051035,-5.081811635,0.665967809,-18.84163666,4.902635071,27.03809735,9.710741724,-22.11479602,1.053687507,-14.42831002,-7.477312321,-2.181538318,-8.651642377,-3.414219513,-11.95052694,-11.86043471,-9.129595751,-36.91191271,17.13789048,-6.331268079,-3.78533225,-15.49750753,-10.47105953,20.17488056,4.622763286,-11.59328063,-9.442447368,-17.3002172,-11.45472183,-7.642442469,-5.878814691,-15.60372003,-16.58840327,-14.85536031,-1.303204283,-10.23472248,-2.374355255,-8.038836323,-1.032028718,-0.27744043,-5.392538991,-0.989413237,-8.256357803,-1.468766386,-21.15279697,1.705273707,-9.219969153,-21.08597749,-10.20356656,3.858417622,-2.608300122,-6.898996107,-6.603752766,-40.35342427,7.440662156,-4.599013928,-9.401241747,-4.233312586,1.115067012,-10.2444941,-5.667299189,-10.90806024,5.616592583,-9.736998828,-6.254140042,-1.904360496,-5.252113794,-8.60604897,-5.158641078,-17.01891677,-3.822939666,-6.016061873,-3.721016644,-11.9932459,0.552199638,-10.57926508,13.90945589,-6.627483106,7.828201643,5.527340231,-3.610458032,-12.41162455,9.170615833,-4.953690764
2.434187964,-16.24325293,2.406016466,-5.551328633,0.939433738,-4.593124031,-6.984165127,-6.515021511,8.902633959,-21.16064267,4.422943243,47.25197502,17.63166359,-23.41784866,0.543777153,-11.46574491,-6.304143737,-10.33230795,-5.314021245,-8.24033501,-10.24902047,-12.89215437,-9.384891319,-40.67403591,16.51966279,-4.200610443,0.142642523,-16.43896937,-2.387336426,16.00449069,11.83113909,-6.064761515,-5.719211267,-17.23938493,-0.895092248,-4.01937184,-0.030946152,-8.388373544,-18.69149621,-12.44363631,1.996724919,-7.883365225,-4.719655286,-4.892740862,-1.952992243,2.432715238,-2.971241966,3.123400956,-5.688944479,1.996438683,-14.74652592,5.728631737,-10.51802262,-7.0173245,-11.64883946,10.25853819,-3.010022892,-6.011002027,-6.016149035,-29.14935424,9.882188891,-5.438663878,-7.896287243,-4.049044172,0.708389071,-5.509691254,-4.215995558,-6.840948197,5.529811903,-12.11702366,-5.759707228,0.210337919,-1.297850356,-9.088524801,-2.926534458,-15.07477768,-1.050409418,-6.23000367,-0.151625309,-5.303083781,2.860183911,-12.36974573,7.742594637,-8.483578107,4.678757798,2.298357896,2.566069896,-9.263729965,9.708391625,-4.465675435
0.41326906,-12.92150809,5.284615904,-4.050986094,0.51963102,-5.158266488,-9.121733062,-4.488782876,8.800999693,-19.38792525,6.831874668,60.55852016,15.33255348,-16.48339815,0.898743098,-8.218428667,-7.098174108,-7.540439097,-5.208377513,-3.177683753,-10.81362805,-15.29470933,-11.3272184,-40.16898799,18.62654546,-4.967915878,2.078887167,-9.240880723,0.36085074,17.24790035,17.128376,-0.599561866,0.573233973,-22.50530305,-2.867482891,-4.898606453,-1.759827878,-5.457862008,-16.07081407,-10.68208134,0.838205757,-7.824681737,-1.53064953,-1.115788181,1.078039362,2.762520352,0.53735101,3.561095282,-0.951039341,7.536320475,-15.30510006,8.232626403,-10.53523329,-0.836571929,-11.76553671,15.04164123,-1.899194268,-9.924197176,-3.133875717,-2.831445428,10.08177819,-5.413074967,-8.575019639,-1.809204757,4.400752229,-6.12262046,-0.57791303,-3.78799672,3.201797692,-13.19255439,-6.161207118,0.838830688,5.304267208,-10.06853927,-1.734531256,-14.92796734,0.835260767,-5.693092605,0.433087584,1.62928249,-0.184430951,-4.324220795,2.997165011,-7.280182675,5.293202445,4.34247094,4.261039617,-5.83870873,7.548478897,-2.526411862
